date,title,url,video_id
2026-01-29,Moondog - Bird's Lament,https://www.youtube.com/watch?v=RW8SBwGNcF8,RW8SBwGNcF8
2026-01-31,【Guqin】《unsullied》 — The theme song of Ashes of Love,https://www.youtube.com/watch?v=h0AAFhx3RmA&list=RDh0AAFhx3RmA&start_radio=1,h0AAFhx3RmA
2026-02-01,Múm - Hufeland,https://www.youtube.com/watch?v=f74SGoUrjGo&list=RDf74SGoUrjGo&start_radio=1,f74SGoUrjGo
2026-02-02,Gary B.B. Coleman — The Sky is Crying,https://www.youtube.com/watch?v=71Gt46aX9Z4&list=LL&index=13,71Gt46aX9Z4
2026-02-03,mark murphy - the windmills of your mind,https://www.youtube.com/watch?v=gUvSg4_SP0E&list=RDGMEM6CZm14o9sc-Q22TIneLI8gVMgUvSg4_SP0E&start_radio=1,gUvSg4_SP0E
2026-02-04,Eddie Jefferson - So What,https://www.youtube.com/watch?v=20ZHeLhsQ14&list=LL&index=20,20ZHeLhsQ14
2026-02-06,KV Halil İbrahim,https://www.youtube.com/watch?v=K_3KBDFtxmI&list=RDK_3KBDFtxmI&start_radio=1,K_3KBDFtxmI
2026-02-08,Arap Şükrü - Sigarayı Bıraktım,https://www.youtube.com/watch?v=l4sS9bn8OJw&list=RDl4sS9bn8OJw&start_radio=1,l4sS9bn8OJw
2026-02-09,Estas Tonne - The Song of the Golden Dragon,https://www.youtube.com/watch?v=7gphiFVVtUI&list=RD7gphiFVVtUI&start_radio=1,7gphiFVVtUI
2026-02-11,Jeff Buckley - Sky Blue Skin,https://www.youtube.com/watch?v=WuI9lAZBH2Q&list=RDWuI9lAZBH2Q&start_radio=1,WuI9lAZBH2Q
2026-02-13,Penderecki: Threnody for the Victims of Hiroshima,https://www.youtube.com/watch?v=Dp3BlFZWJNA&list=RDDp3BlFZWJNA&start_radio=1,Dp3BlFZWJNA
2026-02-14,Gnossiennes: 1. Lent,https://www.youtube.com/watch?v=9DAIX4IH1kI,9DAIX4IH1kI
2026-02-15,Anouar Brahem - The Astounding Eyes Of Rita,https://www.youtube.com/watch?v=9LWLwH8MKWM&list=RD9LWLwH8MKWM&start_radio=1&rv=9DAIX4IH1kI,9LWLwH8MKWM
2026-02-16,The Godfather Suite,https://www.youtube.com/watch?v=2xKOaekC54Y&list=RD9LWLwH8MKWM&index=17,2xKOaekC54Y
2026-02-17,Anouar Brahem - Eté andalous,https://www.youtube.com/watch?v=Z29hOvE34eg&list=RDfKSbhaScNWE&index=6,Z29hOvE34eg
2026-02-19,"Messiaen: Quatuor pour la fin du temps / Weithaas, Gabetta, Meyer, Chamayou",https://www.youtube.com/watch?v=QAQmZvxVffY&list=RDQAQmZvxVffY&start_radio=1,QAQmZvxVffY
2026-02-20,Arabian Waltz - Rabih Abou-Khalil,https://www.youtube.com/watch?v=S94BL_CJ1IE&list=PL9VVIjatiSNaLYnu75bfDr1qdOT76CZtT&index=1,S94BL_CJ1IE
2026-02-21,Midlake - Core Of Nature,https://www.youtube.com/watch?v=K60mW-Ajm5Y&list=RDK60mW-Ajm5Y&start_radio=1,K60mW-Ajm5Y
2026-02-22,Ali'yi Gördüm Ali'yi,https://www.youtube.com/watch?v=QzRY8hKH6eY&list=RDQzRY8hKH6eY&start_radio=1,QzRY8hKH6eY
